1.659824844814337258e-02,0.000000000000000000e+00,0.000000000000000000e+00,0.000000000000000000e+00,0.000000000000000000e+00,-1.528329430954974867e-08,0.000000000000000000e+00,0.000000000000000000e+00,0.000000000000000000e+00,0.000000000000000000e+00,0.000000000000000000e+00,0.000000000000000000e+00,0.000000000000000000e+00,5.634296364895754472e-01,-1.653812026204173613e-01,-3.527417052569094963e-02,-8.560595213016888860e-02,1.461788317883565454e-02,-4.229976701653953008e-01,1.376606094219195719e-01,-4.660022474133174858e-02,6.296386329620455580e-02,-3.214620329009477279e-02,1.061805051014385604e-01,4.276402831831048468e-02,1.437090761868452943e-02,-3.618657286912232984e-02,-6.358973952928689832e-02,-2.731452684157167909e-01,-8.323550144596961187e-02,1.308107047311786730e-01,-5.171691841313873911e-02,-4.704553940096166398e-02,-1.130037379312758272e-01,-1.513705711564642120e-01,-7.235970155758762734e-02,1.047900643057059072e-01,-2.793067316048638421e-02,1.253466910776033505e-01,-5.631158537884189269e-02,-2.727696609138440254e-01,-2.444131693921524837e-03,-4.094807266994320016e-02,-1.154547867896828645e-01,-2.145463451154083490e-01,-4.186821349885680443e-02,9.977812339299781119e-02,-1.491359227926243869e-01,1.198621730401028401e-01,6.901349146421267844e-02,-8.549906782341137879e-02,-4.684337779474698898e-02,6.741047968777888477e-02,-3.749027284376897726e-03,4.540960823143055936e-02,-8.781042977624144152e-02,1.869891073010113702e-01
3.950973580861866230e-02,1.078373526542872329e-09,1.835559297440336746e-09,6.936117363177582949e-10,2.455061622177795097e-09,1.098942574946716753e-08,2.372697896230874237e-09,7.164535114267608917e-10,1.849305155692437981e-10,3.418899292362623243e-10,-1.182020398660804661e-09,-9.893425904905495116e-10,1.813849735557773735e-09,-7.098941437401946608e-01,8.187429294469612817e-02,9.777767303071556448e-02,-7.163370696180369757e-02,1.664067583654286198e-01,-1.586444282525044658e-01,1.798136593748691781e-01,6.457160949330034705e-04,-5.294537527544491279e-02,-6.601150820551214549e-02,1.492664862050978036e-01,9.579734207729470596e-02,-6.092130051356803300e-02,4.034149099026169971e-02,-5.813698307834245377e-02,-8.937979034488113816e-02,-2.111033441949750067e-02,5.361092243529683166e-02,2.259784207876287115e-02,-1.895884889452476713e-02,-1.169866242942849827e-01,-9.280575597835349910e-02,-4.087326668059174106e-02,9.624147911558192381e-02,2.592705254327575676e-02,3.349681089754447116e-03,3.207207988055210679e-02,-2.512377654744932243e-01,5.260507054901545493e-02,-3.569313130073238638e-02,-1.484649673255247770e-01,-1.464194541422793039e-01,-9.733403094493008056e-02,1.920849442118628403e-01,-8.994358121074524925e-02,9.925027585608134362e-02,1.662760503261308531e-01,-7.725046447824651663e-02,1.342474705511604860e-01,8.761437123443047148e-02,-2.565987891379877678e-02,-1.004745678999842545e-01,-5.115999873409013410e-02,2.140178625658606948e-01
8.114810899750872497e-02,1.702692897941833056e-11,2.088216039751805534e-10,-9.651713999992536341e-09,-5.632844658522551859e-09,8.239335798478867493e-09,-6.384770644862906752e-09,-4.970005746511561988e-09,-2.071876708941482313e-09,-4.431592184915626451e-09,3.339158148122057574e-11,4.493225773258097941e-09,-3.021855585707278533e-09,-3.274494179506085012e-01,-2.041018863403820660e-02,-7.921560946611583623e-03,7.485142045093040597e-02,-2.020716179197898366e-01,-2.837766122747260034e-01,-2.214778555515377056e-01,-2.601788900412294048e-02,1.093574139312050303e-01,-1.226644053930519562e-01,-2.000956230925980128e-01,-1.381643271895843794e-01,2.857726772518448533e-01,-2.629764014095145597e-02,-6.294802973514403155e-04,-3.199397331785036602e-01,-8.854968979115503125e-02,4.760595367969505665e-02,-2.826696608060103033e-01,-1.350757148376221031e-02,6.289760932789030534e-02,5.275431661130605687e-02,-1.131158592727773970e-01,1.479440889388158320e-01,-1.800651755020233336e-01,7.973459773088237279e-02,-1.447551386766762760e-01,9.986233925880388940e-02,-6.769276248107833349e-02,-2.442024557267065757e-02,1.538442930481373483e-01,-3.290899788951651139e-02,1.629842175578047059e-01,-6.334454648552277634e-02,-1.171669449464325247e-01,-3.565951476301226775e-02,-1.113720700982994971e-01,1.292553136661002688e-01,-2.891668408678054192e-01,2.472774592486876033e-03,4.656404735160725450e-02,2.083223952733837814e-01,-2.893601815700042046e-02,-4.690980971603342375e-02
-2.941702193022489517e-02,6.758274061361043354e-09,5.976367754901689315e-09,1.780162159758148404e-08,7.898774092618497544e-09,-2.062623414573340561e-08,1.065993747984326028e-08,1.109197408138960520e-08,4.588350436820588706e-09,4.106817375673239282e-10,-2.774354701025372558e-09,-1.674672581316378622e-09,7.800388251982906659e-09,-3.264073520292998937e-02,1.901820708637018686e-01,-1.206290358835169774e-01,-5.551203682542805717e-01,-3.278812225863676488e-01,-1.453016175202430094e-01,-8.867341163637749990e-02,1.722856832798785043e-01,-7.371007944743094252e-03,1.741371877667169388e-01,2.410046196520863326e-01,6.665771602112292860e-02,-1.608320461948667124e-01,2.098443499758423370e-01,-4.622240652021356727e-02,5.030653882563879825e-02,1.003400322071417716e-01,1.570891108590992402e-02,1.564582944112633267e-01,9.175912730532412298e-02,-2.680514994917777491e-02,-6.320098758359535447e-03,3.371819468155035082e-02,-4.403186076716858466e-03,-1.672112267592806012e-01,4.434941265466779692e-02,7.580089062615928686e-02,4.601219345232165914e-04,2.500544995558701827e-04,-1.553556298535263280e-01,6.739718288930066081e-02,-3.509063799626768732e-02,1.577525773442091939e-01,-1.663193963983213564e-01,1.287971923977070110e-02,1.746910087958514560e-02,-2.902086447164783922e-02,2.255692355558808204e-01,-3.190822748494061278e-02,7.127304842085804837e-02,-1.848521281900383506e-01,1.152018892674814554e-01,1.765626950830396780e-01,7.338577986806038567e-02
8.383343574263780740e-01,-5.110277725744536538e-09,-2.983697258206587626e-08,-4.416454555203457510e-08,-9.689367427854964271e-09,7.204870201943400941e-08,-1.636641978169777588e-08,-3.915016135702308847e-08,-1.645225360827055092e-08,-1.562814532611077102e-08,7.511307164593861219e-09,-3.117002337069465427e-10,-3.062105706689593745e-08,9.623430733125059450e-03,-1.314128501706187183e-02,-1.703730450894438628e-02,-2.984021656003531253e-02,8.548914418669084636e-02,-6.157231193558392740e-02,-2.357198912378552155e-02,9.802225595568490879e-02,3.859101081467204014e-02,3.120321584385341712e-02,6.974206505634462927e-02,3.797331939981517246e-02,-6.347141837354267069e-02,1.399437441743251603e-02,1.687781357109022218e-02,2.457787226799319422e-02,3.035143175926252254e-02,6.253569610031602111e-02,1.383179312586021170e-01,-1.671803410386730193e-01,-1.109635060309750385e-02,1.616459907557824538e-01,-3.893762486327123629e-02,-1.759583710168259041e-01,-1.352846860876719126e-01,9.420116935099920319e-04,3.061569571633926401e-02,1.311559436679202162e-02,-2.474456428238383000e-03,7.716017277300864230e-02,-1.551823187278367211e-02,-4.516684766185219413e-03,-2.180580126509910066e-01,-4.487007456533326222e-03,-3.119855836568832808e-02,-3.845675890524884871e-02,5.366046479588038043e-02,-2.823933465545714477e-02,-9.334177961354531150e-02,-9.991269603522780901e-03,-6.056617217323836955e-02,7.485094416342823187e-02,-7.900900628662184400e-02,-2.151812299673055984e-01
1.121117700304647552e-01,-3.787067140242552839e-09,-7.568564627310171932e-09,-1.201178274265188465e-08,-7.206252967468356870e-09,2.883684889267755093e-08,-3.458225706180936143e-09,-1.313722933272922313e-08,-2.357495182611022291e-09,-2.149283807778394769e-09,2.222269120532441093e-11,-1.357980397236869775e-09,-1.250453377802279258e-08,7.462163445533628869e-02,1.122718879393123648e-01,7.562128037203060815e-01,-6.160464053230329390e-02,-1.101132238808507496e-02,-1.233194564980061442e-01,3.034939814997442142e-02,-5.848849219677298983e-02,4.987749132973059996e-02,1.482154455683876160e-01,-1.852623323391281718e-01,-8.567162580790216309e-02,1.089027482431560202e-02,-3.391830737776043575e-02,8.115589988115333442e-02,-1.981828657572763663e-02,1.315959400986976557e-01,-1.661002291836682215e-02,6.774383185843919908e-02,-5.361564705497447875e-02,-2.875997966406462422e-02,8.039841934615753194e-02,-8.483410458097828677e-02,-1.291567842268941391e-01,7.473346408984749001e-02,-4.010064645603352018e-02,9.255188123723057103e-02,1.000611896246006438e-02,-8.947941011467938632e-02,4.299430875558891973e-02,-7.206760491526983947e-02,9.758765644358308178e-02,2.523846984633699719e-01,4.120265942057138586e-03,6.691716657519711231e-02,-7.542829241806389695e-02,-1.593202194582402087e-01,-1.604972943914492745e-02,1.177060926163003146e-02,5.174761126174665798e-02,-5.763247526851246472e-02,-2.098187840093256734e-02,1.582116572161283707e-02,3.107396295961559196e-01
1.022198834769410952e-01,-4.960604984886934119e-09,-4.703592129447841705e-09,-1.348453752921650342e-08,2.424114937641936272e-09,2.035392347634227904e-08,-1.339946563565801343e-08,-1.308749855626663191e-08,-3.004876501904560809e-09,2.133785428277154881e-09,3.134315942634416909e-09,-2.688152793318662873e-10,-1.172166910605598059e-08,-1.737610415471845665e-02,1.316175412482762860e-02,-1.334213924590250955e-01,-6.648332306407639392e-02,-1.272659116546030478e-01,-1.247147559347846074e-01,-2.458102217691202906e-01,-4.539071953489903222e-01,-3.090492103640979926e-01,-1.265440739302020612e-01,-1.903282998751234245e-01,-2.030682261423336077e-02,2.283127722840713747e-01,-1.052389344185899189e-01,-2.278665459745821409e-01,5.906124965525717807e-02,1.583789871099213764e-01,4.076371444199883981e-03,1.800426538239610352e-01,-2.261868552136516997e-01,4.080259392885895314e-02,-8.677956600828468092e-02,1.015088802381481359e-01,-3.378474582753296374e-02,1.405558234362674352e-01,1.447260886551913206e-01,1.971129031685963928e-01,-4.326230903391409255e-02,1.015419395167754812e-01,-9.411615167260413417e-02,1.628088410136643849e-02,1.305600100283854648e-02,-3.833077209447450368e-02,-2.862492426431302861e-01,-6.569722965989299723e-02,-1.485302463595333800e-02,5.466587089038414671e-02,-2.210745282576068171e-02,2.044791967217096662e-01,-7.823381696471679025e-02,-3.055986468612446189e-02,-1.219557040859823444e-01,-3.489320982700241935e-02,1.230756128971783325e-01
-8.629763353751673804e-02,5.275121969574032843e-02,8.192835119938587929e-02,2.747668779166614027e-03,-1.269833295205424414e-02,-4.235095123597944489e-01,-2.240283146409106363e-01,3.313331642172952923e-02,2.169680511050257020e-03,3.663124713685041167e-02,-9.025477845681635636e-02,1.616881313452946667e-01,1.122052431513703985e-01,-2.057707686910984629e-02,1.869853526532059065e-02,-3.959517785052824729e-02,-2.031249105609431865e-02,1.355172306513981462e-01,1.625252453737104363e-01,1.558543304519888484e-01,1.178453300676331333e-01,5.256206295809068285e-02,1.135322537737112752e-01,-1.773381223302328003e-01,1.548230874143765312e-01,-5.297972360191226943e-02,-2.646223478728281231e-01,2.308239920864383482e-02,-2.461101582706435448e-02,-1.857782854628297828e-02,2.418887777655344407e-02,3.841861400642472557e-02,-1.682905873753827442e-01,-2.250683135610312968e-01,2.596758712671237701e-02,-1.538327911082240998e-02,7.297779423393067899e-03,-1.173020914423187067e-01,2.521905285375423689e-01,3.709406102976468833e-02,1.286743756332505706e-01,-6.375759939048539215e-02,-1.920863348001394522e-01,5.710012879528317264e-02,4.785105056669758383e-02,-6.866225862714091244e-03,-1.692354585831447045e-01,-9.127719816533927388e-02,-1.946352954802499924e-01,2.074784982889057716e-01,5.122996677497881901e-02,3.360871092779443847e-02,6.389195576109085728e-02,2.491068154912630742e-02,2.776452078848044569e-01,-1.599527055373604068e-01,1.415373987270101275e-01
-1.944484146120142865e-02,5.148808816854281295e-02,7.996657146660370030e-02,2.681868165610311067e-03,-1.239427625574582477e-02,-4.133685538821930128e-01,-2.186639499458380431e-01,3.233993224845024134e-02,2.117726217925313542e-03,3.575410659824435761e-02,-8.809362217196198275e-02,1.578165040600352509e-01,1.095184807600290272e-01,3.004411948795392140e-02,-1.426517398604160505e-02,9.837116488240498294e-03,2.303972089462005129e-03,-1.084340354447573401e-01,-8.307851230517435126e-02,-2.596958669721048385e-01,1.493603861615855517e-02,-8.244195043199611939e-02,-1.496225064932263649e-01,-6.414519074449445690e-02,-1.613384142768492235e-01,-2.756133817829531027e-02,1.756568153937065613e-01,1.106555004803562031e-01,1.884614988732588314e-01,-3.875587416862963375e-02,7.582311538710501987e-03,1.155605585206499336e-01,1.989617626047331111e-02,-1.075300062384018929e-01,2.909552922774560901e-02,-1.283988056898333584e-02,2.278153189165489645e-01,7.827885341831167243e-02,-9.447092268031383189e-02,-2.053501571911182932e-02,1.650135373366459768e-03,2.017427556435873737e-01,2.296699418576255425e-01,-1.284803222956741320e-01,-7.484971054728148387e-02,9.440696892337421819e-02,2.019889578895613935e-01,-1.167287285887070453e-01,-1.040056654036951023e-01,7.084366357893043253e-03,-2.966159419471656733e-01,-8.286947094236894740e-02,1.317295404181929031e-01,-2.679642652240299405e-01,-1.962889331448887734e-02,1.159333352056023253e-01,-1.250771644372311586e-01
2.324253618665846066e-02,2.900501415668326269e-02,4.504791853026207660e-02,1.510778525277580060e-03,-6.982133335545211150e-03,-2.328647154448634238e-01,-1.231809273742911492e-01,1.821818894444964670e-02,1.192986106302682849e-03,2.014150881957732508e-02,-4.962616715103213005e-02,8.890347060138281687e-02,6.169552205682380525e-02,-4.509349990132432984e-02,-1.845883029799941233e-02,-2.535903296602054491e-03,-1.470341239014296142e-01,-2.162998547312619015e-03,-7.384738707919467904e-02,8.302298373204740345e-02,2.485374588389733380e-02,1.096754061251231094e-01,-5.543182098056877172e-02,1.114525094225917029e-01,6.261266319545991110e-02,1.077921667252679933e-01,4.375759659134276919e-02,7.526648170099094204e-02,-2.860973918300259156e-01,1.206096909347540713e-01,-7.894746023114128375e-02,-5.939547247801242602e-02,3.193867032113675841e-01,2.788064910461995338e-01,-4.396441493559543473e-02,-1.000789546951905140e-01,-2.989208671782623283e-01,3.466138367918230045e-01,1.113460555285854525e-01,1.642353232576937716e-01,1.116888908127524616e-01,2.442537407578616870e-01,1.175618864800756225e-01,-8.280350393371840867e-02,-8.881787461353499169e-02,-2.376754406541783590e-02,-1.154197824494998248e-01,6.957204338490799445e-02,8.154091202799765292e-02,-1.220034177539251752e-01,-7.732904123972689225e-02,1.837623193504088481e-01,-1.117837938079819550e-03,1.982135232732162577e-01,1.753467285583283908e-01,-7.513889537932910700e-02,-1.466637513368937717e-01
8.406204846919193563e-02,5.804450737902486918e-02,9.014939321037752917e-02,3.023364898716885373e-03,-1.397254740650382722e-02,-4.660062889977757972e-01,-2.465083059436370960e-01,3.645804530091872192e-02,2.387391077480722785e-03,4.030697833170197864e-02,-9.931133457738511305e-02,1.779126298774433845e-01,1.234643963261998351e-01,1.458349298699506552e-02,4.884632777098149581e-03,2.852564050990698263e-02,8.988973458892957069e-02,-2.589197052988681524e-02,-3.710780782876481332e-02,4.723354924863809590e-02,-1.327669353935976293e-01,-2.944420022636350109e-02,5.724246302443277562e-02,1.623725467197220662e-01,-2.887753758864147410e-02,1.873249894850718272e-02,6.280920475990896257e-02,-1.567448430865413245e-01,-1.843509405553037453e-03,-9.007197448654247207e-03,1.074142066144492987e-02,-1.077424197021387420e-01,-2.430370737727751557e-02,1.606070611709125573e-01,-2.743940160686990370e-02,7.537972314551637243e-02,-5.934306605507536775e-02,-1.360359300033872065e-01,-2.010323599422071394e-01,-9.756471263132360239e-02,-1.742151078341711845e-01,-2.430658997863856807e-01,-8.790430111223974941e-02,1.034520183488764900e-01,6.729027292944472771e-02,-6.562644864570485459e-02,3.230458090469882915e-02,1.517315796939224526e-01,2.283972708325070489e-01,-1.338764691191911549e-01,2.551951117223258403e-01,-4.886143632487333077e-02,-1.743568594201300448e-01,1.160094876716319390e-01,-3.225353060656523385e-01,8.007508508874812414e-02,5.560728466057481001e-02
4.093471902331065337e-02,6.834568385266505397e-02,4.027352485474398891e-02,-6.441030849351549181e-02,5.926308811466313338e-03,6.380333459608718283e-02,-6.637590946528473812e-02,-1.709667962105925199e-01,2.543248861254507331e-02,-8.638568197968526929e-02,2.527247235614219628e-02,4.301447214104256456e-02,8.554476019393583708e-02,1.735678575032811172e-02,-4.134120755172435852e-02,-6.618527832187190429e-02,6.456572658637364792e-02,-2.272077955892635726e-01,3.337899741952173871e-01,1.089653277790285368e-01,3.912532104783222886e-02,-6.199841405364814317e-02,-3.413835393965040932e-02,-1.576476403686292438e-01,-1.328679971115209191e-01,-1.027221335098043309e-01,1.696987965733238735e-01,-2.962370461642055419e-01,-3.615609053436391607e-01,1.490605368107673356e-01,3.437896237266030441e-02,-1.611772604805995490e-01,1.216529507922183527e-02,3.365559071673655811e-02,-1.221896516084711171e-02,-5.456857140898296182e-02,-2.082665390964831553e-01,-5.634539696350984728e-03,-6.235696136699964837e-02,-4.286290427052275726e-02,1.463384564599279070e-01,-1.956711029202178737e-03,-1.700810746407176999e-01,-2.539069417160613740e-01,5.805809655458274432e-02,-5.579033575892228952e-02,5.454629502879178304e-02,-1.253892311618009375e-02,8.223691021288419278e-02,1.219359365563818937e-01,-1.259997448964419731e-01,-1.045610230032573695e-01,7.662366348812879591e-02,-3.682829921517401517e-01,-6.598511372363907723e-02,-1.881940122430625362e-02,1.336861590933252908e-01
-1.437248690634704285e-03,7.152065344363549293e-02,4.214441319917233697e-02,-6.740247270197240181e-02,6.201602157464316395e-03,6.676730841615918788e-02,-6.945937543940128300e-02,-1.789090003022756337e-01,2.661394465571982962e-02,-9.039869781970383267e-02,2.644649615302411064e-02,4.501269394787200950e-02,8.951870680269843894e-02,2.695749634585215687e-02,3.364131774646476197e-02,2.732356807576521440e-01,1.685491146236597904e-02,-1.478166209757708627e-01,6.842420935420379102e-02,-7.641695646855935567e-03,-1.615252785977136507e-02,-2.081864088749665054e-01,-2.645014834238439416e-01,3.410189651170633107e-01,2.507759556323825856e-01,-2.016763001730121838e-02,-1.457755075230478814e-01,-3.112763091899496681e-02,7.822674063083924489e-02,-2.275228665206056045e-01,-1.797222922544449708e-01,-1.748870271909317431e-01,-1.832849117919179704e-01,1.864043881157292915e-01,-1.512232066673918074e-01,1.823188231561049394e-02,-6.580951159943330964e-02,-2.475617803905138525e-01,2.319735967976983004e-01,-1.151522520711006914e-01,2.043760823642828614e-02,1.196966103876583309e-01,-3.430384196553980247e-02,-1.407806326624180260e-01,7.600825716816381195e-02,5.578830989756991543e-03,-5.745629845299948801e-02,-8.652058193908206130e-03,-1.478455085225822141e-01,-7.128538456165754711e-02,-1.176094439305774841e-01,-9.503995696188524689e-03,1.636136637291412954e-01,9.179197724342846865e-02,1.008287425796289272e-02,1.831620006535951417e-01,-9.600778185057452785e-02
-1.337014802702320981e-01,1.682911432746022062e-01,9.916760497128193630e-02,-1.586008740892276003e-01,1.459264339267898371e-02,1.571062987764071661e-01,-1.634408609198767792e-01,-4.209804873874384845e-01,6.262374932977667064e-02,-2.127119798919930027e-01,6.222972740739685787e-02,1.059167827425438885e-01,2.106413370905919902e-01,1.281366812420304049e-02,7.797592724641372319e-02,2.829686601815888380e-01,-3.112985975338819836e-02,4.993279749362718178e-02,-1.080215187654712944e-01,-7.657853659141448943e-02,-1.182791266519044177e-01,8.192003401038967791e-02,7.421719094146646267e-02,-2.382372035838498103e-02,-7.089760605173633934e-02,-1.054765220457739572e-01,-2.405165843557003497e-02,6.224486543021764268e-03,3.348942471943124055e-02,1.449565212835747796e-01,1.534147331694646066e-01,3.625385379381160927e-02,5.476386346419342965e-02,-3.857892436387617974e-02,4.380716858162517213e-02,4.433202061002027017e-02,1.401986236547479170e-01,4.766505189616294241e-02,-8.330551563174075358e-02,-5.466911269305033821e-02,-3.525203598833454716e-02,9.477689004775627368e-02,-1.290265370782550658e-01,2.158458627343401992e-01,-9.802651204698774323e-02,-2.113711859636960844e-01,-7.237193493426075097e-02,-1.002452587604540923e-02,1.396756833519112173e-01,2.138811793567462483e-01,4.267748087634557624e-02,7.532726816458688857e-03,-1.087006864570801978e-01,1.109098887184015517e-02,9.889789215980765436e-02,-8.431577290086983423e-02,-3.379850576653515848e-01
4.866717747033592195e-02,9.517275600290596438e-02,5.608170479463378544e-02,-8.969267461872573732e-02,8.252499927108360514e-03,8.884745603647514756e-02,-9.242980642377590650e-02,-2.380747592028659432e-01,3.541526000309550004e-02,-1.202938245416561025e-01,3.519243332748628328e-02,5.989853040461539518e-02,1.191228231774130730e-01,-6.784365043326190392e-03,-2.094201546852605955e-02,-6.966670283899775717e-02,3.579852254293096336e-02,-9.037966196956692677e-02,5.037272215910917894e-02,2.102714380182271747e-01,2.317797721356922580e-01,-2.629504923248367904e-02,6.518376645215857856e-02,-4.643759085961488009e-02,6.806441051415729193e-03,4.823678386834821530e-01,1.429353945562402417e-01,4.168478871858152107e-02,2.531119876190401352e-01,3.631493888933523539e-03,-1.391696498792405756e-01,1.500438971116147269e-01,1.057705725119538892e-01,-4.437941614401089141e-02,4.369022266075889283e-02,9.046913457043594120e-02,-4.823446628965418620e-02,-5.763591451466594517e-02,3.136057419835681231e-02,-1.529752060338247788e-02,-3.653871326927871782e-02,-1.554864277929223215e-01,8.910826468753763052e-02,-2.618574730604587564e-01,-2.569877705470034468e-01,1.748792284646086825e-01,-1.010359435110279314e-01,-2.331966743237200990e-01,8.683603032156206325e-03,1.702438924362833367e-02,-7.319556137555527364e-05,-7.176339153720857900e-02,-2.115650687046149447e-01,1.494464670748081592e-01,-7.609095219857295311e-02,-7.225594457185086084e-02,9.630290718259300331e-02
9.897978840566223901e-02,1.533045580096857596e-01,9.033657437641164079e-02,-1.444772263615860530e-01,1.329314690991666853e-02,1.431157361732989242e-01,-1.488862020772636630e-01,-3.834915278029817909e-01,5.704700525466831901e-02,-1.937696528736894686e-01,5.668807620257321905e-02,9.648473125926465555e-02,1.918834035061341980e-01,-3.016886636861182414e-02,-6.986173641564873138e-02,-3.653464060456629858e-01,-2.469868926277767052e-02,1.715475458001030629e-01,-9.342120771355706677e-02,-9.148702411994523442e-02,-2.395627775946768123e-02,5.116035406182401629e-02,1.667737849600272465e-02,-3.383102342626945203e-02,1.584393783664717059e-02,-1.284665613698688369e-01,-6.997898213691200464e-02,1.138780420269040888e-01,-6.920233756395735569e-02,-1.216896221466923639e-01,-1.349587352843022170e-02,2.049849882152166708e-02,-4.569689696826689795e-02,-3.206544554442335854e-02,7.841825478210077624e-04,-8.900787665948765859e-02,-4.091345961022092772e-04,1.014623407689403678e-01,-8.441796513115327680e-03,1.423407987811789177e-01,-1.339305974271294206e-02,-6.248402930833265451e-02,1.781492001532209435e-01,1.044907967560381595e-01,2.058063253362087952e-01,1.457372689020167145e-01,1.446580156579155008e-01,1.654014161672505701e-01,-1.264095037797489940e-01,-2.664629426102302912e-01,6.423662122222370541e-02,8.733109490464645297e-02,1.401780949007487287e-01,1.641035583345135107e-02,-3.661463391355923580e-02,6.035537659906096974e-02,2.964305005781120439e-01
3.855663662595970598e-02,1.777687914989928009e-01,-1.132755561255678785e-02,1.538708922475276464e-01,-9.605368776059206026e-02,-1.494326931296291461e-02,-2.414809410288030339e-02,-1.527338041951379621e-01,-1.847937803689446989e-01,1.680163583918611037e-01,-1.060205711737826073e-01,-2.290832688377669735e-01,4.409419895155955449e-02,1.814593543950961813e-02,-2.890911486715996154e-02,-1.577386987435661081e-03,4.672906447931449159e-02,6.083331018304799498e-03,-6.456555867443765362e-02,5.161993066018950860e-02,1.820157475163405869e-02,9.262352504655117780e-03,-8.763422890942941523e-02,1.582994405930350790e-01,-1.138025764303469134e-01,9.917610298220855269e-02,3.259265645629288444e-01,7.353359048926658148e-02,6.186932994156345289e-02,-2.318987681000671958e-02,-3.331558742021527991e-02,-3.014996929387139812e-01,-9.178333240282210426e-02,-2.412604794427152810e-01,1.216882441411512167e-01,-2.264290011278912926e-02,-7.815281069118284324e-03,3.327102535115445958e-01,-3.740162071925390297e-02,-6.649762221616883906e-02,-2.106597919549746956e-01,-1.393500929650317299e-01,-1.677022154374853968e-01,-5.471384598148709699e-02,1.986236544382189995e-01,-3.503781071394429514e-02,-2.548903086040273935e-01,5.421352479526929391e-02,-2.483120499901450284e-01,8.686747269343431110e-02,5.709105395425420615e-02,1.172921416881911594e-01,8.082911039506184003e-02,-1.257890210354164692e-02,7.593124658851208020e-02,4.782863915076741856e-02,-6.731371713503628285e-02
9.490857143946845875e-03,1.294046094646260359e-01,-8.245757121913811771e-03,1.120084196535083704e-01,-6.992111099233047633e-02,-1.087775776384575233e-02,-1.757830765844836662e-02,-1.111807018683722142e-01,-1.345183639182232216e-01,1.223054384425510122e-01,-7.717637255587832257e-02,-1.667583487356828764e-01,3.209782656270190188e-02,2.477147478659226520e-02,2.283994585326130575e-03,4.919562214909213582e-02,-1.875229804923756599e-02,-1.232124965074319067e-01,2.163372464323656472e-02,-1.206468382483797674e-01,3.466432129597362688e-01,3.314941307102795554e-01,-1.401519386580699078e-01,-1.170398566430981696e-01,-1.939954903554081955e-01,8.765455958532011871e-02,-2.261492750750403180e-01,1.773753290121626164e-02,3.187130767369774492e-02,-1.784140270230694103e-01,-1.420375497717104307e-01,9.750564313780994696e-02,-2.824745005309407114e-02,2.252100577693752492e-01,1.665053921414794968e-01,2.183560671527263464e-01,6.846675902471864583e-02,-2.560267981193157377e-02,7.563991916414426753e-02,1.071519907245653130e-01,-8.300443883269031931e-02,1.948080037494059058e-01,-1.439138939887966984e-01,6.533153432679256190e-02,8.055536902053225812e-03,-2.698347975355466222e-01,3.635532878349271441e-02,-1.031028357251964622e-02,2.024876192073301606e-01,-1.181936902199753892e-03,1.204481703463138563e-02,1.301040989596047859e-01,7.839003492654335326e-02,-6.582409770613488476e-02,-1.246091107774216222e-01,5.453205162279935181e-02,2.192922026712971206e-01
4.432949726717899663e-02,5.266131148846157906e-02,-3.355624911355768389e-03,4.558190589576788937e-02,-2.845446248937525888e-02,-4.426687883698730841e-03,-7.153513647630983796e-03,-4.524509272392583659e-02,-5.474236718735840668e-02,4.977230034027779748e-02,-3.140698821038095945e-02,-6.786245126395931693e-02,1.306222871086850507e-02,1.249223613796020954e-02,-1.381952285568458991e-02,1.053006119982179828e-02,5.388700928748346719e-02,4.415570759187534972e-02,2.338237799931352778e-01,-2.182246386286078588e-01,-2.148386937742136349e-01,4.929909408118652303e-01,3.761316215436585897e-03,2.729408319525613025e-01,1.323867801791690224e-01,2.329590183053365515e-01,-7.107990674329273117e-02,-2.192439257135444242e-01,-1.378776646443847231e-01,1.550242135689241518e-01,-1.537237910679438158e-01,2.366264221467694051e-01,3.182752517281291216e-02,-1.965775341250076136e-01,-5.219310386784928313e-02,-1.763202737626368422e-01,1.501237153910879862e-01,-1.182092845655926261e-01,2.179656588999674682e-02,-4.948133338061695696e-02,-4.954834857841838858e-02,6.710458524174899020e-02,8.451870816937531727e-03,-1.171143587227131827e-01,5.693546736935146957e-02,2.522952299138774834e-01,7.343597049758705808e-02,1.682671759039759962e-01,-6.229132458448499721e-03,1.075304417349635389e-01,1.599401856255231597e-02,5.921274779733390337e-02,-2.559859128727182478e-02,-3.280680736905815242e-02,-3.560951291725355378e-02,-3.847083901948867429e-03,-8.652059365240950817e-02
-1.002815859660807496e-01,1.621481932707397877e-01,-1.033219336438133927e-02,1.403502175686992814e-01,-8.761341199500406740e-02,-1.363021843490243301e-02,-2.202618914236190856e-02,-1.393130241579419448e-01,-1.685558851433920646e-01,1.532527055877770106e-01,-9.670450869272585737e-02,-2.089536451365201775e-01,4.021963348066606714e-02,2.123991563542038108e-02,1.852318128251232571e-02,1.488970698368896617e-02,1.147479994814918913e-01,-8.313222355988902912e-02,-1.289991503840990095e-01,3.656710882309543997e-02,1.921949716515131135e-03,-1.127726555907580391e-01,1.297849638424397878e-01,-2.185920142168490399e-01,3.810594338406393944e-01,3.357704555128274843e-02,1.914397880272079022e-01,-1.283045838411277229e-01,-7.257655075399968569e-02,1.934838041856142346e-02,7.138109581682144933e-02,1.151555303059465796e-01,1.006272933361491845e-01,7.032407950351524106e-02,-6.210190800155997864e-02,-5.797388559119563689e-02,2.369621800911322906e-02,-2.873872510425709570e-01,-2.550692543493680575e-01,3.309421599246255563e-01,-1.239370875913714531e-02,1.092808297337021506e-01,1.149528060085539954e-01,-2.587523974481035355e-03,2.281343453137181787e-01,-1.300638877479847189e-01,7.642932084792100622e-02,-4.421157317404264542e-02,-7.502294848269394634e-02,5.888490806579775583e-02,-7.956774193025256681e-02,-1.319429637404183342e-01,5.004645992431432100e-02,2.176307528052780216e-01,6.694944500781882524e-02,9.507753276123860620e-03,-1.801055088990015027e-02
-7.400624130656438537e-03,1.897726931475098300e-01,-1.209245103252492258e-02,1.642610838708172816e-01,-1.025397425475702284e-01,-1.595232019875600371e-02,-2.577870192591228890e-02,-1.630472079013987052e-01,-1.972720446180467047e-01,1.793617258841994355e-01,-1.131796480932799054e-01,-2.445522004492724777e-01,4.707167653458357859e-02,-2.736283905906421871e-02,1.617710783034807809e-02,-3.345622045626689411e-04,-3.417725743001988337e-02,6.114309806702243263e-03,4.691419048088327909e-02,9.315587049728858704e-02,4.135114559569784409e-02,-2.783260679015424066e-01,1.270404958235823167e-01,3.949697816579794685e-02,-6.462669691603714628e-02,-7.782336747413307054e-02,-1.382302221519279839e-01,-9.817277157532573739e-02,-6.109405934968104024e-02,2.059836281255356394e-01,-1.139267774335751271e-01,-6.477968680727101691e-02,-1.504927859192041195e-01,-2.024234934547450293e-01,-3.249912485585845084e-02,1.699865523326914707e-01,-1.305567367255331193e-02,3.024735728614666441e-02,2.675712540500432279e-01,-4.546861066844340438e-02,9.598889374140046060e-02,2.257575040499726696e-02,2.076299822391199090e-01,1.589263343738059886e-01,-2.183007193687848124e-01,1.694870759568846141e-01,2.009302300441083156e-01,6.632121724636808047e-02,2.136369329459255617e-01,-2.447627502318919512e-01,2.855570870369991340e-02,-8.195230152264930401e-02,1.786502609942099834e-02,-4.166979514652144334e-02,-4.021600663754723581e-02,-1.674211287335784781e-01,-1.680249062923850345e-01
-2.567455065223744892e-02,4.500752934001264055e-02,-2.867907402932703964e-03,3.895705839355524669e-02,-2.431888735934267104e-02,-3.783349113914889761e-03,-6.113815709916453622e-03,-3.866916292360427637e-02,-4.678611321726163647e-02,4.253840706530409577e-02,-2.684230410347458046e-02,-5.799933312688968640e-02,1.116377926550337490e-02,-1.777763877709578194e-02,-4.282139314408323072e-03,3.386276046453173122e-02,8.373219163069291204e-02,-2.242364101387892689e-02,-6.436629937442130134e-02,9.115502684604089023e-02,-1.043681251681134597e-01,-2.508474648919460925e-01,9.541050545402553207e-02,3.918064335885440563e-02,-2.132878427184128345e-01,-3.182002390664025182e-02,9.038630208895824525e-02,9.211097518664597417e-02,-2.740779553888984532e-01,-4.034194455998151296e-01,-3.409039397583092379e-01,5.337905839698117161e-01,4.274643871724839728e-02,2.193246430769215521e-02,-4.096712479065470897e-02,-2.079064501702791723e-01,3.751297103796660294e-03,2.335850802836134110e-02,-2.551275475863144446e-02,-1.927351409177981423e-01,1.377444907561240772e-01,-1.077980714455090694e-01,-1.268873482711683209e-01,6.330061546520734939e-02,-3.548181191236696175e-02,-1.010014843617301900e-01,-1.524839976031685217e-02,8.062296506394636686e-02,-2.353044028093239509e-02,3.490869291298731580e-02,1.218774986914999102e-02,4.992167115048966319e-02,-8.244172855665116151e-02,-3.646392775173173950e-02,9.564287752388778152e-02,1.604531915250120497e-02,-3.099852909822366914e-02
-3.216072162001648582e-02,6.518051936572948069e-02,-4.153345764534983192e-03,5.641814647810675792e-02,-3.521894410438700801e-02,-5.479102173255187558e-03,-8.854107032415729772e-03,-5.600120796082386221e-02,-6.775628865905078402e-02,6.160469769798690431e-02,-3.887339038430939753e-02,-8.399542696745759818e-02,1.616753981591113193e-02,1.289649948045844957e-02,-1.894434108178777443e-02,-5.175441359745371755e-02,3.596558030346029555e-02,1.515804046299135122e-01,1.957328822098747256e-02,8.811872312885193903e-02,-2.413096637402578626e-03,-1.040559517158241298e-01,-1.384298972614790846e-01,1.888517750196449796e-01,1.868659384668000800e-01,1.030245470595909929e-01,-3.792213307065024630e-02,3.847765966990723818e-01,-1.079607807458992791e-01,3.560260612014928827e-01,1.894115473214804946e-01,1.824180763673657335e-01,-1.569362411116926870e-01,4.331294143900408233e-01,6.025577119394776027e-02,5.635575958831703230e-02,2.024499534107303822e-01,6.727907351550649340e-02,-7.855820552405981538e-02,-2.187857387555448285e-01,8.298213819341414277e-02,-2.139129370447429360e-02,-3.307458030749775568e-02,-3.086319727046769185e-02,1.236681475926318108e-01,8.166476457601672123e-02,-1.850842136642649738e-02,-7.220839890976929465e-02,2.874316053254914044e-02,4.623553778432185069e-02,4.432466980052048033e-02,-1.189953273407923506e-01,-8.753462427638264431e-02,-2.318267121747945858e-01,7.665977285539130048e-02,-1.891786029018066584e-02,1.540171350104429238e-01
1.864796530682261144e-02,9.228247300462133484e-02,-5.880305653025984583e-03,7.987671267531648578e-02,-4.986291760122935068e-02,-7.757279718444032302e-03,-1.253564051047566588e-02,-7.928642727689783065e-02,-9.592924783201035865e-02,8.721983345183673131e-02,-5.503688282133631371e-02,-1.189205923885178762e-01,2.288996438223482588e-02,2.531173683798307317e-04,-1.218193291506270912e-02,3.590142929628399593e-02,-1.387075575320210474e-01,-4.836281336518337415e-02,1.323196888598895393e-01,1.479767254044934144e-01,-6.898785386285238852e-02,5.975032675208385297e-02,-2.626774643126794095e-01,-6.687184838980869683e-03,-9.194235297492298065e-02,-1.222786625318876552e-01,-4.109210789012925080e-02,-1.985081500057242487e-01,1.274026436131208417e-01,-2.445912890383287186e-01,5.166558396161309297e-01,9.765821064433305443e-02,1.219330335466177473e-02,1.635749601124179831e-01,8.249371262018068141e-02,-2.602958035739366682e-01,6.165205066041680448e-02,6.812770994130161462e-02,3.987286210525811669e-02,4.790784917514352009e-02,1.839672628481635597e-01,-8.990197744356129284e-02,1.216915716420310795e-01,3.720040529260962292e-04,-3.014643300321076524e-01,1.325290110063106486e-01,-8.591185395866043906e-02,1.678944364225199160e-01,-1.272641538627637681e-01,1.087244162166390860e-01,6.011959467177246941e-02,-5.680174335215999043e-02,-3.019230920448771893e-02,1.315969980433322750e-01,-1.206994731227992446e-01,2.337815604275168824e-02,4.076102140883138686e-02
3.769565914034055110e-02,4.500752990335425696e-02,-2.867910921509127242e-03,3.895706022421029785e-02,-2.431888137888057674e-02,-3.783344714584774282e-03,-6.113818156754061151e-03,-3.866916519148418108e-02,-4.678611540886769282e-02,4.253840842083310425e-02,-2.684230483269244016e-02,-5.799933741509728791e-02,1.116377590228607303e-02,-1.443888671118367245e-02,3.482562837131472633e-02,-8.767614831511025275e-02,-1.371065147282099494e-02,2.118079037443394985e-01,-2.106267499866447401e-01,2.429387005096598495e-01,-6.679633832627263068e-02,2.001423971067553820e-01,1.639767212105356642e-01,-8.253972078269480872e-02,-2.568081327608427444e-01,-1.088631337403046795e-02,1.495783097838286613e-02,-7.260194129051679435e-02,2.839064379196093446e-01,1.699196921101342461e-01,-1.866625739178255083e-01,-9.257632780457535071e-02,1.288514782351054058e-02,2.184041273873196798e-01,-4.055329730992591752e-01,-2.528477705347950688e-01,-6.317280801576935501e-02,-7.249794330865447223e-02,1.112702563466572425e-01,-1.055997634022197013e-01,1.537007865756691849e-01,1.853563924144176756e-01,-4.843907001016792280e-02,1.049273341654650277e-01,6.283690868945812635e-02,-1.460889615865310076e-03,-1.714793309224646456e-02,-1.495819970139185551e-01,-1.539950800456873214e-01,1.102506678796063011e-01,2.047666010482006305e-02,-1.155054431951944571e-01,7.315181464922133892e-02,-9.209732032201968510e-02,-1.946018765698309116e-01,1.263820117102740781e-01,-1.305379442227244322e-02
5.685749553495911268e-02,1.245653034042453478e-01,-7.937392151280895508e-03,1.078196806108166067e-01,-6.730628836262320114e-02,-1.047098301557002065e-02,-1.692093518981351713e-02,-1.070229043455606099e-01,-1.294878197936046860e-01,1.177316212953284091e-01,-7.429023041926025028e-02,-1.605221387260064025e-01,3.089747979999430544e-02,-3.816830771062076910e-02,3.870722985485811063e-03,-5.225202713278247896e-02,-1.086485775681472199e-01,8.763429502451633435e-02,5.835404966213072336e-02,-3.220472260357385985e-01,-2.465439586740335587e-01,3.331756249949088811e-02,7.989966477644762366e-02,-7.354083113464053578e-02,5.058861575191916926e-02,-2.041167141981882205e-01,-2.265346551549404785e-01,2.245735488452705320e-01,8.299084445961971146e-02,-1.068222594431746109e-01,4.948572004373165412e-02,-1.494842946377882842e-01,2.981447381613330228e-01,-2.436255670514525518e-02,-1.255372121492556170e-01,2.633624811361395118e-02,-2.645341998266149686e-01,-1.381506097411472900e-01,-1.294476375901173482e-01,-1.702331890301042594e-01,-7.307669571831466870e-03,-1.587501250440206124e-01,-9.019210717942735545e-02,-2.239378145481057958e-01,-1.315448863931533707e-01,3.086271833957227040e-02,-2.562159057162108344e-02,-2.429651866985402808e-01,6.222002770500172086e-02,-2.915053321902875971e-02,-1.202139808784366964e-01,9.706710525135459067e-02,-2.068009071363427209e-01,-4.934120987025446270e-02,9.532206319409726458e-02,6.052349561919317944e-02,8.938527752244133928e-02
-3.779692007801114390e-02,-2.221063114761834267e-01,-8.915672975869209926e-02,1.943978124282960407e-01,3.050983694541811730e-01,-4.201241096581343620e-02,-1.596867873347392330e-01,3.236190468382300206e-02,-1.578778885450437541e-01,-2.863104305181662368e-01,4.158207223530338559e-02,-2.344939801042306704e-01,1.802054297732864629e-01,2.125892226265913704e-02,9.888851974527969324e-03,1.420273387985232852e-02,-8.442361379344578975e-03,-3.553594693374358127e-02,-9.673974592206578682e-02,-1.009861109234329035e-01,7.341027145679537846e-04,-6.732621651270337404e-03,-1.102849454932356421e-01,1.768455488911646889e-01,-1.006876661068563938e-01,1.029862907454010337e-02,4.624621524969127484e-02,-5.131373865143640245e-02,1.341394855333073177e-01,6.672337017018124816e-02,-6.899131122692118978e-02,-3.873991319484876988e-02,1.105599326926884063e-01,1.175250470725302809e-01,-3.392259081184063885e-02,2.414464695438505934e-02,1.723040646057462377e-02,-1.140204150896428348e-01,-2.306452030186704333e-02,1.303801020783281195e-01,1.373702244670774453e-01,-2.265730084602310401e-01,-1.140978701294013686e-01,3.004874761047821724e-02,-1.112485907140962904e-03,-5.871081040143766305e-02,1.759603982503586683e-01,6.350391941944286134e-02,-1.762931223676999781e-01,-1.210828000951062744e-02,-8.228365514839552919e-02,8.443910889345145054e-02,3.895892430238974413e-02,-4.667562878189820963e-02,3.691863801767024389e-02,-4.929773470684107872e-01,5.278538529849810534e-02
7.767238217830971236e-03,-1.323012065077144861e-01,-5.310764139780528581e-02,1.157962113807237958e-01,1.817367806504934236e-01,-2.502539354672825289e-02,-9.512000824446653624e-02,1.927690306719079955e-02,-9.404251151494684435e-02,-1.705454265290226035e-01,2.476903088892531968e-02,-1.396801281940066863e-01,1.073422814324205693e-01,-4.175064475816239740e-02,-1.405382672409126281e-02,-5.508138657827793550e-02,6.468430769573191297e-02,7.221082244361282099e-02,-1.556395011063658462e-01,1.478997843148796010e-01,2.642446857388137949e-02,5.820048489209029424e-02,4.959557422990768655e-02,-1.279563363015360777e-01,6.207580869046661065e-02,-2.923194258357082465e-01,-2.420761657204537065e-01,-2.078414604933066512e-01,-1.405926222962753380e-01,-2.230545334120815834e-02,-2.206172246219534616e-01,2.190678650959540161e-02,-3.147413502094040250e-02,1.548858327376196609e-01,1.847701733703152049e-01,1.879395742335248920e-01,1.375713394117873412e-01,1.520201182094211290e-01,-8.964396037099400805e-02,9.857450907724583933e-02,-1.745470135044154270e-01,-3.708413312149485414e-02,3.180974311486783890e-02,-2.337747962775834631e-01,-5.596049586727758207e-02,2.468812964719594716e-01,-1.787375975309954956e-01,-5.007297184812890822e-02,-1.181241718754391101e-01,5.023665357771389672e-02,3.330966524114430116e-02,-1.207832575912618361e-01,-1.370022194035880880e-01,-6.101108105746513854e-02,-9.047882909012476549e-03,2.574561787058987639e-01,-2.198749403178117956e-01
-6.269748937105690256e-03,-1.106393202780962814e-01,-4.441224327207174416e-02,9.683670250347982400e-02,1.519807188902126960e-01,-2.092793002505999311e-02,-7.954585377179963779e-02,1.612065757900891377e-02,-7.864478012152614772e-02,-1.426217492963326450e-01,2.071355843560256094e-02,-1.168100765952723163e-01,8.976695467402950879e-02,-3.733184031760822252e-02,-2.274078563717901735e-02,4.674707596513652530e-02,-1.052409025937151715e-01,7.597214853012076996e-02,8.414154583791962072e-02,-5.120582961594538629e-03,4.516323354875348417e-02,1.623951803724931753e-01,-6.991266091171449704e-02,-1.818210820541684702e-01,-5.417809795284300733e-02,6.932264612435348750e-02,2.099159773165726328e-01,2.370379911683187513e-01,-1.960624020361355357e-01,-8.114351947432477119e-02,2.493878727472582935e-01,1.502327531164660834e-01,-2.338607284018764942e-01,-1.578806247913090988e-01,-4.837884813094057712e-01,3.418705537243341142e-01,-1.030627559273532140e-01,-3.865150321868261740e-02,2.723717085573932467e-02,-3.680167653270446926e-02,5.182676411070505362e-02,7.017619009935793795e-02,-2.744698685148895187e-02,-1.288001032157639614e-01,5.027843829716827084e-03,-3.334031620151547970e-02,-3.549172414277616816e-02,1.241579910389510044e-01,-2.439340687583210765e-02,-1.062648232307953633e-01,8.585292830006865938e-02,-2.897726747250879697e-02,-2.006218532815218919e-02,9.996914687925304022e-02,-9.082031806054012557e-02,1.441988047757671865e-01,-1.354328547640209768e-01
7.697539254968854827e-03,-9.232858857736730984e-02,-3.706204602965831180e-02,8.081029863378022537e-02,1.268280209393398417e-01,-1.746438002103420373e-02,-6.638107506146583014e-02,1.345270285206841276e-02,-6.562912232377005051e-02,-1.190179454757428201e-01,1.728547799119666689e-02,-9.747808822072492885e-02,7.491058360703811703e-02,-2.375890505118344320e-02,-1.624758146314194546e-02,-3.428134453397330139e-02,-7.230901496460423461e-02,-4.027984270011501083e-02,1.590210343710405372e-01,2.317887442518324626e-01,-1.161018730954085088e-01,-8.906054364096355203e-02,2.021585615246787038e-01,2.261507910656960774e-01,-3.645710191266476330e-01,2.137820171706044658e-01,-2.103175776723343049e-01,-7.221886438247057671e-02,-7.950532284733021621e-03,5.831592324139051042e-02,2.207248977702701842e-01,-2.436836769282473003e-02,-8.373755108887829396e-03,-1.075655386693055993e-01,1.041873455462247744e-01,-7.663239910693196710e-02,1.171834632260597281e-01,-1.322656531814239977e-01,-1.335802700780783503e-01,2.229293859257724941e-02,-2.398131165375409421e-02,1.501151611272578401e-01,9.263160963224120747e-02,-3.526601806178676635e-03,1.449655466772475920e-01,-1.608953533984483208e-01,-2.468138097897643740e-02,-1.321931013934568022e-01,4.482316002959069179e-02,-2.184012769427773337e-01,-1.658167477388820255e-01,9.094791017292980229e-02,-3.346146326176923508e-02,9.266009784758223733e-02,2.767874021778731208e-01,3.055640811770458098e-01,8.204408285948909529e-02
4.110632318640640437e-02,-1.788119525321218428e-01,-7.177773994405324542e-02,1.565045731462889611e-01,2.456266816907786699e-01,-3.382309098656241519e-02,-1.285596334355036396e-01,2.605372190297167850e-02,-1.271033382170377035e-01,-2.305009990284322130e-01,3.347663400989848992e-02,-1.887849417348628767e-01,1.450786567422430173e-01,3.985147566695951271e-02,2.057534601604880595e-02,1.188905463699524434e-02,6.508098013377161539e-02,-3.549722591899440172e-02,1.011467816509095674e-01,-1.005070890351761476e-01,1.154095878142546994e-02,-8.919481732817523267e-02,3.916683975169917009e-02,-1.292606843254882620e-01,3.009039027919445664e-01,5.021381632124678057e-02,1.003778472149806089e-01,1.081410806990867057e-01,6.282362097531676848e-02,-4.627883985881232898e-02,-1.934989318221092686e-02,-4.846247342759523596e-02,3.498278360013570842e-02,-1.073499595306822707e-01,1.509723574865775853e-01,-3.410078299710930239e-01,-1.199272583425300964e-01,1.213592548499172474e-01,1.470961832603645825e-01,-2.236222626212834852e-01,-6.117001545161401821e-02,1.879371226136761774e-01,8.734069218167053728e-02,2.171590520599611385e-01,-3.517667470583416001e-02,-6.032382180556810150e-03,-5.161364848624880319e-02,-5.039629395522685074e-02,2.983256766835143958e-01,1.563916971679018275e-01,1.100582285878507066e-01,-4.454822420740187083e-02,8.266590936083879904e-02,-6.581790501633433266e-03,-1.258859273653747946e-01,1.748499327068128162e-01,1.385530312091464711e-01
-4.110859131024879876e-03,-7.805044679851923239e-02,2.363039138872257972e-01,-2.033743699030281932e-02,3.668188102798621703e-02,3.918674288553448959e-02,3.603758269901774502e-02,2.013201189294933080e-02,-3.229513834869826312e-03,5.041357008819561530e-02,-6.991119690280331311e-02,-3.694588697596596499e-02,6.332559091804607077e-02,3.365887332563793910e-03,-3.555428372856005437e-01,6.996660058370390844e-02,-3.367249794378531780e-01,2.861404686283502419e-01,3.256089936770242832e-02,-1.152001516451958696e-01,3.720155044388684384e-02,-1.830364211608015435e-01,6.471350769301609240e-02,-9.460674759057319250e-02,-4.724322316473944516e-02,9.851594750560645208e-02,3.903459757386017193e-02,-2.481085456002094791e-01,4.595681283571840386e-03,-5.696054519145076628e-02,-9.911776064276917736e-03,1.398712634665698340e-02,9.299760882043170418e-02,8.747689751256243484e-02,1.658097236224531368e-01,1.653990429789887473e-01,-4.848717541571549716e-02,-4.495145421038554412e-02,-1.368489734648326850e-01,-3.543287497126407226e-01,-3.443388683359809715e-02,2.802710611053531031e-01,-2.672827895363506789e-02,-8.154486035502697683e-02,8.337711333769008692e-02,8.247356151873305730e-02,9.045815380252465732e-02,3.093305027946050695e-02,-1.489368502817745576e-01,6.224172324077231061e-02,1.930111979930075328e-01,2.766844564797962813e-03,1.415125317132699401e-01,1.348097998918763307e-01,2.072610152653221738e-02,-1.405612726052199446e-01,3.506517221806369766e-02
-1.102266400787957346e-01,-1.195274500134868301e-01,3.618789288762364609e-01,-3.114492422348606390e-02,5.617515470051038379e-02,6.001096505664988562e-02,5.518847280036275060e-02,3.083049393578739597e-02,-4.945701565635478823e-03,7.720401583013575264e-02,-1.070629328953681819e-01,-5.657942681548473046e-02,9.697768781479457201e-02,-1.626910361758156232e-02,8.223050398100473224e-02,-6.043686710607287793e-02,-1.900977824985471965e-01,-1.247315838943472144e-01,2.384792144815910467e-02,-5.933537420259444445e-03,-4.260993321818777602e-03,1.337462833464360956e-01,1.756743958291051289e-01,4.647467286248992135e-02,6.154603103666422131e-02,8.156558342917202831e-02,-7.787067830473026753e-02,6.960267579652108794e-02,-7.976724597437423459e-04,-1.782218931459826072e-01,-7.822954521386193960e-02,-1.000093385583634836e-01,-5.202543623202902090e-01,9.182900825295867153e-02,-3.679856158273819150e-02,-1.758303120096310901e-01,-1.002930951911762958e-01,1.323184491479760527e-01,-3.721151278242489924e-01,8.000020358328047143e-02,7.396058631855718934e-02,-6.627047498708477091e-02,4.502566353250049558e-02,9.364867929076634012e-03,-5.734725017402099445e-02,8.313767846347618062e-02,7.028008166816368529e-03,-1.449595916089478354e-01,1.552280674750851630e-01,5.315248935637241490e-02,-1.201501990415764082e-01,4.349497471168416174e-02,6.430563917203051261e-02,-1.296437978387590673e-03,-3.897052612859459864e-02,-1.606380818826034784e-01,-1.262397908922818224e-01
-4.137631586362008895e-02,-1.514487662355775421e-01,4.585232599382269014e-01,-3.946258316940980809e-02,7.117742829593032283e-02,7.603766778330929565e-02,6.992724758382745653e-02,3.906415676504824269e-02,-6.266516383667116059e-03,9.782231634004227849e-02,-1.356554396831503861e-01,-7.168967359561403963e-02,1.228767966347734109e-01,9.613118259619645584e-03,1.094277246245682345e-01,-3.317954602148795451e-02,-2.391525043903337810e-02,-7.039344448962089884e-02,-1.772381213688724033e-01,-4.153386915861069506e-02,2.585383943328562611e-02,-2.745734859216281826e-02,7.506599523769870441e-05,-1.355176203880729957e-02,2.085535881661840230e-03,-3.777960592932456951e-02,-3.572946594770438911e-02,1.113177924334204927e-01,-3.348563350472013450e-02,1.497459515399966190e-01,-4.426264696965490769e-02,-1.030826701590642908e-01,4.105316137460098685e-02,-1.433729405024879167e-01,1.188023253465907286e-01,-7.924413205321628739e-02,1.229929316060466571e-01,-5.486687243174561551e-02,2.400676610639070063e-01,-1.100204214997795027e-02,2.027907605122209744e-01,7.063138873516727756e-03,6.754812269750691545e-02,-2.605064520370679038e-01,4.381366616513374113e-02,-2.810364821486182052e-01,7.883677889798076932e-02,2.827889709405762564e-01,-9.999043244609182035e-02,6.799961021229447566e-02,4.712973749080334729e-03,-4.327993235261498595e-02,-3.615306595158703229e-01,6.064187064893464263e-02,-1.282252411084002786e-01,1.357204548809360090e-01,9.162315608683990753e-02
3.655821911770038013e-03,-1.187229265955947466e-01,3.594431713753574176e-01,-3.093529949930477058e-02,5.579704276163672400e-02,5.960704678544689189e-02,5.481700491956977006e-02,3.062297370552334586e-02,-4.912415027816021892e-03,7.668436081642970858e-02,-1.063423065595409389e-01,-5.619859611175256203e-02,9.632494199184377104e-02,-1.929675757707238759e-02,4.639717775934653482e-02,-2.541653030893792353e-03,1.088554018490008463e-01,-1.076716271480101239e-01,1.831283507453208004e-01,-3.764502401438026002e-02,-1.986546900010421890e-02,8.189758635413384169e-02,1.756633362141916954e-02,-5.788044058623553756e-02,-4.232040912938025284e-02,-1.087756554763292804e-01,8.931053190669920039e-02,-2.795685968493389836e-02,-1.047748107643089732e-01,2.113078007608360231e-01,6.422269516346570950e-02,1.994107459340412336e-01,1.081315309606865616e-01,1.644385275249237721e-01,-2.487087328784164109e-02,5.191184961971683637e-02,-5.044735699034226528e-02,6.737535077334003142e-03,2.211681431568633949e-01,-1.208024966194033711e-01,-3.493088777905645204e-01,-2.889532770421134877e-01,4.036296446609007049e-02,2.462759277407753911e-01,-9.583247001296779644e-02,-4.477314482755372083e-02,2.246471704921568224e-02,-2.236651856840394248e-01,-2.145848563672442255e-01,-9.011664224587109806e-02,-1.668850086998948656e-01,5.056518054209178936e-02,2.508396043497463923e-01,1.527322965885305750e-01,-1.465653048751664259e-02,1.082693649629896115e-01,-3.838594827000676307e-02
1.402909277395192056e-01,-1.377732357984473022e-01,4.171194796196450727e-01,-3.589920766664919660e-02,6.475023578268598867e-02,6.917164021762203796e-02,6.361294104815601314e-02,3.553672309044513672e-02,-5.700667471291706589e-03,8.898914349582209837e-02,-1.234060097267122846e-01,-6.521623133266493677e-02,1.117812464124068039e-01,1.826894807194330561e-02,-3.019183409237808507e-02,5.145917362995160171e-02,2.881672599754516173e-01,1.162748435288171317e-01,-2.111524754277657734e-03,1.485064785981425051e-01,-2.867998432076324100e-02,-5.273173944589913675e-02,-2.042902402823363328e-01,7.805022719782711560e-02,7.544748348412073924e-03,8.690399530232779252e-03,7.759074260284500035e-03,-1.810422715848518382e-02,1.251852525315747533e-01,-1.598112921047809554e-01,6.679826916366060630e-02,2.031798203891993504e-02,2.603628641235681829e-01,-1.133214576961718567e-01,-1.711711620638713682e-01,1.012198170405282649e-01,2.275008818089060969e-02,-3.482234034406157114e-02,-5.412217234390804405e-02,2.475195145390595430e-01,3.343045783258562220e-02,1.399512733554885979e-01,-1.329557118040892993e-01,1.122136256782978875e-01,3.693705058867530200e-02,2.286648475577594819e-01,-1.633637199295949749e-01,-9.882485967779242042e-03,2.445332808223363019e-01,-7.846749346487556787e-02,1.335233435187833662e-01,-3.529967955003159019e-02,4.530311178342497080e-02,-2.735216755852463155e-01,1.756508639467889155e-01,-2.349674983238960596e-02,2.201695260066359114e-02
3.290266848200795735e-02,-2.355238901063256771e-02,4.243692402903939676e-03,-6.977731472840871529e-02,-1.131279712013933264e-01,-1.389458514112917320e-01,-7.629148908328947654e-02,-3.725815190363676588e-02,5.060947376761382177e-01,-4.475020978060002125e-02,7.780357049179778203e-03,-4.284283186025005241e-01,-4.043265336141715904e-02,1.271445089098778569e-02,1.175535002911222426e-02,1.867473777174816219e-02,5.648953813865750795e-03,4.459655190626955756e-02,-3.554185371040662067e-02,-5.298897812471663193e-02,-1.536285743408571589e-02,2.588514263634598966e-02,-5.379429671192094420e-02,7.083668345028905355e-02,9.524946238535597631e-02,-1.164527160318457044e-02,-7.109582646219037017e-02,-7.981645873288106818e-02,3.545146454148370707e-03,8.064050699450595050e-02,-4.056561034731488713e-02,7.456051504135208230e-02,6.980128918320382958e-02,-1.439647946519749810e-01,9.917389609815483245e-03,2.811641195091792514e-02,1.121700056405104118e-01,1.923566762837029542e-01,-1.157818716612840915e-01,-1.998507337359932412e-02,3.128896409504685616e-01,-1.082113095806232633e-01,-1.335474532636620748e-01,-9.496082074204457990e-02,-5.054282842368192086e-02,-1.660529081820570629e-01,-4.276623100681924139e-02,-1.909029021888804523e-01,4.081432143112780075e-02,-1.601918042468013503e-01,7.468048700130199002e-02,-1.460731482658848557e-01,2.637401421175916139e-01,1.499620895996181813e-01,-1.113502456966665305e-01,8.102600909869722701e-02,2.965622952275298943e-02
-4.215560138289627112e-02,-1.678970322473227056e-02,3.025192994033150395e-03,-4.974188508710185308e-02,-8.064511800641861738e-02,-9.904985054267491373e-02,-5.438563017082019557e-02,-2.656007146555808274e-02,3.607779211686445442e-01,-3.190091479197823543e-02,5.546353404087267513e-03,-3.054121410975079720e-01,-2.882306750050285180e-02,1.051470471990334499e-03,-3.052428762610855106e-02,-2.286762044254564419e-02,-6.972722825617158615e-04,-8.999039950197521009e-02,5.598212433245955411e-02,-4.055259485733027358e-02,2.169914783329352781e-01,-1.286677352690042964e-01,-2.239660687400578110e-01,-9.544060510401600195e-02,-2.346579479111298994e-01,-1.358696286039645651e-01,-8.795811000416137171e-02,8.619859449600880685e-02,2.912659300391733791e-02,1.511057151031301449e-01,-3.831879616102989994e-02,3.911082247786475119e-02,-9.664367718812960639e-02,2.556100078158187600e-02,-1.591092821109323374e-01,-2.803620725749167986e-01,-1.155690924856144497e-01,-1.607257334133000981e-01,-4.558888714940979858e-02,1.995155346513666911e-02,-3.877467640759295620e-01,8.410293986251700382e-02,1.035484784288869253e-01,-5.346811458830666441e-02,1.167106232079526684e-01,1.441992511306134095e-01,-7.411981868425704389e-03,1.086797572846824045e-01,5.563022473508509591e-02,1.155195408576194238e-01,1.162039706729808552e-01,7.001158332706587661e-02,-2.054696280691276911e-01,8.451279693004186411e-02,1.527945078161160597e-01,-1.231954066331614472e-01,-4.427859642111997562e-02
-3.878610495511081169e-03,-1.731439178927939027e-02,3.119728199538894520e-03,-5.129635717654442567e-02,-8.316533107006492120e-02,-1.021452080136266011e-01,-5.608522273185376217e-02,-2.739009490589864107e-02,3.720524492180510290e-01,-3.289784045071415808e-02,5.719680777209976488e-03,-3.149564557190232539e-01,-2.972381440216684267e-02,-1.831479036926962276e-02,1.360878238753216243e-02,-3.228178058230432579e-03,-7.008009560307268404e-03,2.659969990421331282e-02,-5.938856290973324598e-03,1.114034198408678789e-01,-1.895180814975451489e-01,8.955764208380048719e-02,2.903542772234131153e-01,-3.809164640714290950e-03,9.798121958949371213e-02,1.475931145066729233e-01,1.820027505049181815e-01,2.498607684116067873e-02,-3.306634634334378736e-02,-2.562201770734616191e-01,9.233810422755503455e-02,-1.393486515219078958e-01,-1.234124816070727992e-03,1.710457289190742136e-01,1.407972931244154680e-01,2.336199556894627827e-01,-4.051545230958087523e-02,-1.058033794653967935e-01,2.017029052741503570e-01,7.838304902342912994e-03,-4.962023727399450523e-02,6.564313983899741634e-02,8.125106876493812247e-02,1.810209475220107278e-01,-4.442157587499648286e-02,8.604861330336124881e-02,6.536133233062010883e-02,1.542946377318403228e-01,-1.094632495089505886e-01,1.058864956387584322e-01,-2.142687899192066425e-01,1.308101015207683571e-01,-1.595167399454392732e-01,-2.859418766528061817e-01,3.302999662289193145e-03,9.244248735648136206e-03,2.596079682203068610e-03
-2.590964703619194620e-02,2.504068751368905277e-01,-5.438919317915667795e-02,-1.070384911608358164e-01,2.011792791696534119e-02,1.582295926907484884e-01,-1.064420971082457451e-01,3.123775996518813880e-01,2.765327232810900482e-02,-4.521143809440561490e-02,-1.466978883155806990e-01,-4.385819279272203108e-02,1.787727901228476357e-01,-3.222205498601814211e-02,-1.428484841312951392e-01,3.263235896084415444e-02,-8.020505080283787946e-02,-7.134773719824132054e-02,-1.118080700706371028e-01,1.854762124611663843e-01,4.419434764894411560e-02,1.627084186084067630e-01,-2.529765797218357370e-01,-1.607822255918366916e-01,2.125731473495116874e-01,-7.286993859071780322e-02,8.079371720642514187e-02,-1.962528532721006247e-01,7.936802044561219738e-02,6.379830836684721729e-02,-6.803159295451687016e-02,4.514839094994441138e-02,-5.372212202124093672e-02,-9.030185022891012991e-02,-1.645708903237342105e-02,-3.070562964257891880e-02,2.946753484452888788e-02,-5.990059723628894661e-02,-1.038866383864577858e-01,-2.729242539288986857e-01,1.030724822504559407e-01,-6.937345747559423015e-02,1.476234984756849278e-01,1.245538701152821282e-01,4.263039187377572203e-02,-9.972231071153685178e-02,-8.281014398804303900e-02,-5.553794038435725527e-02,1.501983862397965330e-02,-2.653958397746565279e-01,-7.780907620343821551e-02,3.119501706004684238e-01,-1.856147119188157613e-01,-1.553157885319271514e-01,9.387651567027512078e-02,2.498309714034696594e-03,-1.548619751851982250e-04
1.563834376924289060e-02,2.362086115768406158e-01,-5.130528556495172338e-02,-1.009693337646751371e-01,1.897721558230758276e-02,1.492578553878808334e-01,-1.004067471643968479e-01,2.946655478359788138e-01,2.608531044795256090e-02,-4.264791932433742438e-02,-1.383800059127199278e-01,-4.137139551758720751e-02,1.686362361339695526e-01,-1.640800932235964016e-02,-1.314092893249333704e-01,4.431117417124527669e-03,1.595116485213745466e-02,-8.491515664088788995e-02,-2.913115606357279119e-02,-2.529165121602025557e-02,-2.490192389411972906e-02,-2.362566588348451874e-02,-6.394984997588720743e-02,2.377919637557324994e-01,-1.503235941685983346e-01,-4.350113641466181458e-02,-9.949283049736316886e-02,1.397994451120818105e-01,-1.340011026899090574e-01,6.316295904075958090e-02,-8.256106430478243885e-02,-9.694285880535176425e-03,4.893131158097362848e-02,-1.304623015200660485e-01,1.065723572110474637e-02,2.288348502819173569e-01,-1.984514506485721697e-01,-1.185451066686574184e-02,-1.343196521558840117e-01,1.055155154911728982e-01,1.006193841065466527e-01,4.801573456602824946e-02,1.124388547830918045e-01,2.544857475882070785e-01,-1.495789845969699994e-02,1.222941869252926889e-01,-5.243450350757211664e-02,-2.707580665319425650e-04,-7.428292085345888918e-02,4.240579882093497011e-01,-1.332461360540466433e-01,-2.207274391588714135e-01,4.167831286073162000e-03,1.828684482108768605e-01,-1.253234694311688435e-01,7.875912729183928707e-02,1.820284604847110521e-01
-4.208436814134315640e-02,2.614854695368385995e-01,-5.679549975674501316e-02,-1.117741291672261356e-01,2.100798831647944856e-02,1.652300403634857640e-01,-1.111513479262789539e-01,3.261979291621489585e-01,2.887671932509712491e-02,-4.721170018970038268e-02,-1.531881518611759585e-01,-4.579858142904329188e-02,1.866821257376453658e-01,-5.093945759870982526e-02,-1.597909466388170441e-01,-9.831805976773674849e-03,1.675026528485849125e-02,-6.468863366059930675e-02,1.552852523866511680e-02,-2.131422632018701441e-02,-7.789587030343864127e-02,-2.519990737361552102e-02,1.907967184773310398e-01,-1.826560273979387777e-02,-2.505011005911831137e-02,2.463758390439787366e-02,-1.338386458226227885e-02,9.950891942241754662e-02,1.174284790428999081e-01,-8.626673409162001482e-02,1.722104017516483399e-01,7.466599323820008460e-02,-1.067365233247107026e-02,9.581676568963035101e-02,9.670811982111862659e-02,-1.474111968130130124e-01,-1.626134037490253176e-02,1.033509319090493705e-01,2.953017053078643150e-01,1.742342127190690815e-01,-9.869229565914021396e-02,-1.086009074859188572e-02,-3.302595227403078981e-01,-2.403218283007846345e-01,1.822978292463275363e-01,6.608174045103890060e-02,2.653391272775921239e-01,-8.269396408470780502e-02,9.669544157078291402e-02,-1.036227288267450031e-01,1.131171160973799689e-01,-1.053288788427115680e-01,3.176236159915674789e-02,1.469671783107773591e-02,-4.297807380111795528e-02,-2.734293361602957440e-02,-2.265946013589283936e-01
6.459162685616072486e-02,2.136266409600272032e-01,-4.640045267610792834e-02,-9.131658921603140466e-02,1.716290030454395085e-02,1.349887419091931606e-01,-9.080772404983038226e-02,2.664949255730943989e-01,2.359149111028394086e-02,-3.857073480910494512e-02,-1.251506297837005899e-01,-3.741620477862143274e-02,1.525142456820504644e-01,1.182636483044026687e-01,5.083319499769644034e-01,-3.111578170932920162e-02,5.587383690379241208e-02,2.567038870873465384e-01,1.442612773376394930e-01,-1.633553261677862245e-01,7.107781901016796411e-02,-1.337534933108783242e-01,1.337005879942527453e-01,-5.210653954205757277e-02,-5.229595754105362260e-02,1.033583886464735507e-01,3.168821219710712261e-02,-4.633740603402647373e-02,-8.860281797198683862e-02,-3.902917301666119360e-02,-3.975770272878828560e-02,-1.335959917284594844e-01,2.193263761505613585e-02,1.328197107206022798e-01,-1.108669242218543877e-01,-3.659644234348152086e-02,2.047926639090482392e-01,-4.318331879640156801e-02,-9.116707651988399663e-02,-1.002346384702502979e-02,-1.112717953724961933e-01,4.151923974233444337e-02,1.068832033564646039e-01,-1.332240294258568991e-01,-2.565690641963263574e-01,-9.921609522858051977e-02,-1.697382510632828856e-01,1.666192203641576330e-01,-5.382875941617470961e-02,-3.095759936501558604e-02,1.000780066276972108e-01,7.326924068731213713e-03,1.740856039564836477e-01,-3.813166188723184080e-02,8.113828082937986352e-02,-5.654443289011465423e-02,7.626990078423614983e-02
4.320249084965162301e-02,-2.354252833815434834e-02,-1.860036600999808581e-02,6.889233882671352838e-02,-6.981772328923992188e-02,1.329182964552086572e-02,2.209659382857765558e-02,7.813394280706366379e-02,5.140834323088931679e-02,2.371888053171957722e-01,4.257978025810704170e-01,4.521350196632689666e-03,3.438320139980891033e-01,-1.763565442077614370e-02,-3.839944702905888352e-02,-7.055959106244090451e-02,-6.513431009858117182e-02,2.288943344494058507e-02,-1.115059893907954375e-01,6.933253332424210713e-02,1.325345574673013893e-01,-1.040401631876808203e-01,1.703208748683072982e-02,-1.168530252524427188e-01,3.311723655505188768e-02,1.218560427758239445e-01,-1.675067480512485996e-01,1.019121832698161312e-01,-1.627909782720053655e-02,7.965554798077612020e-02,6.889133212603817946e-02,6.703472809351011807e-03,1.203601214637882721e-01,-4.881066534215063035e-02,2.765371909606270662e-02,-7.941126335196289909e-02,4.433125743988717421e-02,-1.327372196784551983e-01,-8.153475026513364032e-02,-8.009877463461795299e-02,-1.622470823642657711e-02,-8.057597891544213131e-02,-2.283005006683306304e-01,2.415343295829069231e-02,8.764835164667125755e-03,1.295787015672037190e-01,-1.545417601204010782e-01,2.944013885373590322e-01,8.233854412682670154e-02,-1.696574240494714420e-02,-3.462446118605703171e-01,9.066494056531336498e-02,1.915366974123542676e-01,8.315555839096204493e-03,-2.112926463530711008e-01,2.635074030307754667e-02,-1.573577730938141850e-01
9.205961335422285785e-04,-1.464938118552140331e-02,-1.157411236295260819e-02,4.286838852961561558e-02,-4.344420163173697697e-02,8.270861750212833707e-03,1.374964801997927838e-02,4.861899275595164827e-02,3.198893469953286578e-02,1.475911658626954948e-01,2.649534529047994913e-01,2.813416371441675168e-03,2.139500948002318326e-01,9.100087325656647241e-03,4.867445653405526318e-02,-2.693850636315160002e-02,1.269170994495634752e-01,1.097007769859945636e-01,3.408682789367009636e-02,-6.887906584310846125e-02,-1.350227570006083955e-01,1.281226895073410699e-01,3.953794591339276215e-03,6.038490275392233153e-02,-1.402779262816190586e-01,-3.372584545405631351e-01,4.103880043868126659e-01,-2.675523600854532932e-02,2.892194064590807370e-02,5.714679648929889277e-03,-7.458108528331737486e-02,-3.505434305136813367e-03,-2.093689811827230407e-01,7.601264721820411019e-02,1.719158114057908748e-01,6.302293600354372249e-02,1.024215097393304380e-01,-1.210774032457933441e-01,1.365096978513193060e-01,-4.127529792239972850e-03,1.202230265523378527e-01,1.733299168108339838e-01,-3.023448427303498942e-02,-1.036525380000868218e-01,6.506504689667515565e-03,1.370756720797027262e-01,-1.251189787406835618e-01,-1.638595625092848507e-01,2.129633376691948410e-01,-6.844988936240323230e-02,-9.203314517875464673e-02,2.051498860536844077e-02,-8.939897979883075496e-02,3.180331464414565268e-01,1.076525938383096070e-01,-1.069699020964745284e-01,1.856039445365169904e-01
-3.877959484603610979e-02,-2.657533889353152004e-02,-2.099651415537149082e-02,7.776722979009571823e-02,-7.881182594294766641e-02,1.500412142967225831e-02,2.494313470237854991e-02,8.819936256828947441e-02,5.803090075130822728e-02,2.677440885397013859e-01,4.806501908608388773e-01,5.103802759143735018e-03,3.881253532880444834e-01,1.060674268857846742e-02,7.186023339068883797e-03,7.735683203844120892e-02,-1.226065314110728194e-02,-8.074861748235379055e-02,7.999078503618543834e-02,-2.345138142866292491e-02,-4.297962962762602590e-02,2.154064664130228221e-02,-1.726786453103567459e-02,7.023106234744734555e-02,4.798889088033590766e-02,7.796059327196844246e-02,-7.783147047488948866e-02,-7.553333248346724704e-02,-1.521631355980990197e-03,-7.371532823262780254e-02,-1.991731499693080720e-02,-4.006138127823972994e-03,8.788021971698103951e-03,1.339156648255679372e-03,-1.192646554653349761e-01,3.560801028244675592e-02,-9.573091985178662500e-02,1.843317536629738573e-01,-3.019656746465145675e-03,7.323306270819029962e-02,-5.189857656624059790e-02,-2.416577690202593304e-02,2.189130159596420488e-01,3.574037747903689721e-02,-1.135122484896784745e-02,-1.903525705504227616e-01,2.058758098342439169e-01,-1.704780506191520273e-01,-1.903358097216842626e-01,5.276188610136522961e-02,3.574630735981545460e-01,-9.162682217427911557e-02,-1.203980307051170789e-01,-1.826790619864137877e-01,1.278372909141171632e-01,3.562249158235431673e-02,3.708765319069506905e-02
-2.522466403582184213e-01,1.074261244803337290e-01,-3.082529758685701587e-03,8.633820466031499885e-02,-7.271651983029338295e-02,-1.573815420875778193e-01,4.228208521813087151e-01,-4.152850816771634299e-03,2.948520776671889609e-02,-2.313831638720862671e-01,-6.671405033316182842e-02,1.492247281683043228e-02,1.926091767662547749e-01,2.650625033717884937e-02,7.175494306544791256e-02,-3.325221056247730511e-02,7.360241324733168833e-02,2.690741553217387283e-01,-1.477177115115769213e-01,-2.455485197581842860e-02,-3.031031965254422922e-02,7.347168731105274686e-03,-1.736629435751433637e-01,4.311384707780331615e-02,-8.329831996336027611e-02,9.419310775314475304e-02,4.670958953541837905e-02,1.104638273386280255e-02,-6.956192866489316340e-02,7.487593896154937090e-02,3.413556384122069104e-02,6.655564445596928724e-02,-9.969911739625329783e-02,-5.174214955149926409e-02,2.872323557133089622e-01,-5.320264541091762611e-02,-3.543624201404666496e-01,-2.638394882248814022e-01,6.341886945760266681e-03,1.180165802072701275e-01,4.486220097777873783e-02,-5.042095663619645951e-02,3.262711062489583036e-02,-5.078171222232723270e-02,-1.273191768875830410e-01,-2.217966107162158695e-02,1.778535061031255582e-02,-8.016926758725417823e-02,-1.313439422508471885e-02,-2.543220934566819968e-02,1.312836971222274274e-01,9.749863663453996188e-02,1.259641050697179743e-01,-1.328193315976321232e-01,-5.562094437437708344e-02,1.440249756477793019e-01,-1.197553532325222880e-01
1.612046064264382184e-01,1.271622115545566201e-01,-3.648855835481062265e-03,1.022000490354723068e-01,-8.607583242706458304e-02,-1.862952906823467647e-01,5.005005247659917167e-01,-4.915818749949066140e-03,3.490215683401000357e-02,-2.738923581139870445e-01,-7.897060007372755375e-02,1.766399454674940153e-02,2.279948815156659092e-01,4.457085289360671748e-02,2.568567700529560405e-01,-1.559332530620682888e-04,-1.277321636633567126e-01,-3.380982432075528565e-02,5.985362415830457194e-02,-4.070422000623508813e-03,1.189632484940702922e-01,-3.860676084384948720e-02,-1.620004442593114824e-02,-2.188622712990525437e-02,4.237767113737443692e-02,3.627940374993129935e-03,-3.535134003928228075e-02,-1.376913567526619198e-01,-9.631894765147658993e-03,-1.152341226444407868e-01,3.937941550873043373e-02,-1.203009327514800025e-02,9.485394807789110372e-02,-5.311880974256562304e-04,-1.599142686305965178e-01,5.599596706089316617e-02,1.499006223664278159e-01,2.408381019213825802e-01,3.253521440148050142e-02,-1.205306765459218943e-01,-2.393563756585859528e-03,5.170731107843051788e-03,-8.519286358945085680e-02,1.079072869797232104e-01,2.768759116341016346e-01,1.172186526451304278e-01,1.204394839225307046e-01,-7.547154395095541368e-02,3.283453420185101362e-02,4.527736668195496417e-02,-1.881288076604300807e-01,-7.902514593542406263e-02,-2.171818672293216734e-01,1.309310660716172803e-01,7.417259999702510709e-03,-6.292919616005460126e-02,3.313510214231198819e-02
7.422298291091476707e-02,8.890449556983584523e-02,-2.551028433311491178e-03,7.145247594012715808e-02,-6.017918909973117569e-02,-1.302471125859149259e-01,3.499211069637750970e-01,-3.436769914466900749e-03,2.440159108872646740e-02,-1.914896928146010147e-01,-5.521169153920372358e-02,1.234963008384755423e-02,1.594009350532136493e-01,-9.577907141629664334e-02,-4.540920942783496783e-01,4.040279197417566415e-02,9.376218603125441309e-02,-2.767717201535271343e-01,9.288200237312026208e-02,3.549233072986396342e-02,-1.335310193093521836e-01,4.634229276578390178e-02,2.330137843054161939e-01,-2.079145589972142272e-02,4.003819848131005138e-02,-1.190055705880828513e-01,-5.876801613349351416e-03,1.835954287853945877e-01,9.783060831865053597e-02,7.434711037204000394e-02,-9.757242867892509941e-02,-6.321441132232286098e-02,-1.520223635432065012e-02,6.328148302407726744e-02,-1.183428292938236148e-01,-1.580591647581048448e-02,2.137810045784651336e-01,-2.567082040585447894e-02,-5.419900366731712771e-02,2.979470799514787049e-02,-5.078486354942749609e-02,5.352943802156902298e-02,8.242901745798193736e-02,-9.298121491929339788e-02,-2.421784308873362046e-01,-1.408602623258000675e-01,-1.937580990875925613e-01,2.048198597480750394e-01,-3.109331407953994098e-02,-3.403075124728581480e-02,1.104508573259733312e-01,-4.779160977954444167e-03,1.584339805187904848e-01,-2.678399782834015030e-02,5.659948591511432953e-02,-8.402085251536832444e-02,9.731029535403053210e-02
-4.117745300675404452e-02,2.853832025466600253e-02,-1.702356517587022902e-02,-1.326084476444844007e-01,8.798478024484117366e-02,-5.375173163303256785e-02,4.636808962972704257e-02,-1.300539721805851409e-02,-4.610302728488183815e-02,3.367335876226598690e-02,3.154644369632148698e-02,-4.978904208638888773e-02,-7.225263635147537861e-03,-3.960557885931506594e-02,2.600016551855688363e-01,-1.313080350199599677e-01,3.757872958926765650e-01,-3.145384811027434058e-01,-2.615235490276664465e-01,5.578277119318784949e-02,-4.753003063843300874e-03,9.411381517733645452e-02,1.452412253228247963e-01,6.384587988307489914e-02,6.117188753950755092e-03,-5.804000342109773974e-02,-1.564349536484272718e-01,-6.449162540535952060e-02,1.218146174415338512e-01,-4.458567817183192727e-03,2.282971957061818713e-01,1.488151713097601025e-01,-1.504631193527148844e-02,-4.206042726812989768e-02,3.706534605397966697e-02,1.459101976744669460e-01,-2.645826792802984939e-01,8.437210501154317199e-02,-8.005267687172742952e-02,-3.599498709065483415e-01,1.032257946225255407e-02,2.261092233210680869e-01,1.864598875489998503e-02,-1.550948349959470896e-01,3.737300432373199394e-02,6.568059740137871527e-02,2.826380643913618818e-02,1.207688400149536379e-01,-8.227775563659579794e-02,-6.534981767268088076e-03,7.964287770513581166e-02,6.250077590582289733e-02,1.447879372014187760e-01,5.151621865207933054e-02,6.843275720760053082e-02,-1.553085248446325617e-01,5.131588762124481007e-02
-1.823442425342185202e-02,7.881782318976124357e-02,-4.701616342697574613e-02,-3.662415466174331891e-01,2.429985306097832143e-01,-1.484526964507475177e-01,1.280605081367631737e-01,-3.591874950340977896e-02,-1.273285455911036257e-01,9.299991278107869186e-02,8.712579472584905393e-02,-1.375086273290525851e-01,-1.995499331095808987e-02,-7.472373086460870617e-03,-1.587729590838758698e-01,9.438604643078231382e-02,1.314300528357715270e-01,6.098302348665956413e-02,5.153536074849293658e-03,-2.053387046395017401e-01,2.982816384013433630e-01,-9.339554406124388197e-02,1.959498969923174350e-01,1.738468248224266932e-01,-7.987241114061608208e-03,-5.278756435460074670e-02,-2.403889360911452833e-03,-4.080317073265168210e-02,-1.895690774375951571e-01,-3.900700393664634225e-02,1.581933343125256353e-01,-2.497954432715757470e-02,1.874184371213296479e-02,-1.744717717146154062e-02,-7.250835037666655825e-02,-1.202205859534275362e-01,9.310222429265317678e-02,-2.710234985210131092e-02,3.503020180764513519e-02,8.066758918247057819e-02,7.424632729869187764e-02,7.505395679033292911e-02,4.973382193707061999e-02,5.287194362022535482e-02,2.927452744415985283e-02,3.654364598748276877e-02,-2.095839988517670394e-01,-2.517554649819014889e-01,-1.417586315189403590e-01,-7.958727236279047879e-02,2.486436057517930898e-02,2.038229547315755785e-01,-1.735278728363572887e-01,-8.689693319841236552e-02,-3.150267606883336846e-01,-7.196590806864336387e-02,-3.443819295536058173e-02
-7.737552686367349386e-02,9.540598850083760463e-02,-5.691128052628168649e-02,-4.433215023103694308e-01,2.941405234209557573e-01,-1.796963716819966750e-01,1.550123901187737685e-01,-4.347828157248919551e-02,-1.541263770395362720e-01,1.125728778431626803e-01,1.054624727845650117e-01,-1.664489867633379694e-01,-2.415476337214019983e-02,-5.138211935376651995e-02,-8.830437640415009226e-02,-5.968672602497809843e-04,-7.887176533739274908e-02,1.511429941205303940e-01,-2.460363820367112569e-02,-7.896062599004155524e-02,-1.702643584532576720e-02,4.037735011451994149e-02,-5.070295170298414617e-02,-3.480487596866645161e-02,1.132608593637794182e-02,7.151512709570967408e-02,4.626954924471786412e-02,-1.432330339075321701e-01,1.769136368324309150e-01,2.233698891061336109e-02,-7.907450826168503644e-02,4.677799816165806313e-02,-8.521702408547476848e-02,6.486371364332865763e-02,-5.146719672238461024e-02,1.969353712949732660e-02,-1.119501472596390879e-01,9.087060523288914560e-02,5.654472011269011389e-02,1.652509048268726438e-02,-5.280109453045517265e-02,-2.045865244405812855e-01,-5.088707066824085801e-04,-8.816791140576462835e-03,-2.760448731084434726e-02,-9.819060057627126969e-02,2.384761858487101371e-02,2.466046820787785032e-01,1.887770340304577854e-01,3.589219098421592147e-02,-1.879695797799301182e-01,-2.922743050731953507e-01,2.672706680935586776e-02,-7.660875921113537157e-03,3.212308815106409976e-01,1.455396573524545545e-01,7.929197255790775001e-02
1.404098045341572454e-01,7.118036493534259102e-02,-4.246027084638943905e-02,-3.307525854802750298e-01,2.194519271486232714e-01,-1.340676463171757149e-01,1.156514194161895326e-01,-3.243818556801887631e-02,-1.149903636329052542e-01,8.398820319263541889e-02,7.868327464170295216e-02,-1.241840082395975070e-01,-1.802133281683110724e-02,9.302277862677771347e-02,1.899246190517724642e-01,-5.106814604294174220e-02,-1.904812857688796268e-01,-1.440018042091200101e-01,1.321233028793261099e-01,3.108402679170183536e-01,-3.055596295105152960e-01,1.156419461003446031e-02,-2.072470488094978747e-01,-1.714474205089479564e-01,-8.789137557878360513e-03,-1.413320568149252499e-02,3.364214692235599491e-03,2.630190386741509956e-01,-7.605443888856430745e-02,1.504072757986113854e-02,-1.607113165726511139e-01,-9.470311390229356474e-02,9.949964618907947145e-02,-5.075704540662731579e-02,1.344113470757843098e-01,4.822417275122425906e-02,1.530385979031455013e-01,-1.256145600168569743e-01,-8.248261117027982925e-02,3.284225516619856955e-02,-1.557989280539765278e-02,1.004549079511458665e-01,-6.186380204865838534e-02,1.545464529268131791e-02,-1.040010815819890355e-02,6.481097028658304449e-02,1.887760781446582437e-01,-1.001861265337110618e-01,-6.306915782873351306e-02,4.263905402424175012e-02,1.924800232598559147e-01,1.409963653986570642e-01,9.827381093830662995e-02,8.583457000199053166e-02,-1.091675003608699873e-01,-5.311741486774142901e-02,-8.871906176562185942e-02
-1.075607052282407661e-01,-3.512565324889041496e-01,-1.733269223338945730e-01,-2.994686148842447548e-01,-3.975748787618674229e-01,5.533989989773668849e-03,-3.358993681879192394e-02,-1.652160507352741850e-02,-1.841186733889692562e-01,-3.755578450807336294e-02,-1.495223036293051033e-01,-5.733339796948808825e-02,1.909014117860733939e-01,-4.250456310357520612e-02,5.793506149993422893e-02,-4.877705733918880071e-03,-1.336630659822486411e-01,2.159402496681664743e-02,3.090409583496603330e-02,6.789099571532258848e-02,-1.160345835653567581e-01,7.335742827765745488e-02,-3.771849425074008666e-02,2.929404704850402733e-02,-3.040433698916906319e-02,-2.876936559320293629e-02,-4.400847567168645474e-02,4.682165658377425432e-02,-1.671884996542165325e-02,-9.719098615102711447e-02,-4.248508016569400164e-03,6.812606994055964149e-02,8.498630888207447942e-02,-5.892231958311085205e-02,6.550059239995821569e-02,-2.974671370060752787e-03,-3.800186992604861341e-02,-3.883871291194224834e-02,7.635208640768903487e-02,-3.537887464259700798e-02,-1.363366120820718175e-01,1.743234265484257250e-02,1.977106619511077856e-01,-5.801631981249742720e-02,2.010407983851755787e-01,-1.258227635186277005e-01,-2.688782578571090043e-01,-3.441553871258802577e-02,3.797859250186221697e-02,-1.142734132689844639e-01,-5.716651620894161456e-02,-2.823775746461376079e-01,3.803811890970022064e-02,-1.053551618346395963e-01,-1.599927627029913146e-01,-2.566007725667885930e-01,-1.891933490005829124e-02
1.075606559515765726e-01,-3.512565352569917421e-01,-1.733269309978680284e-01,-2.994686326505992535e-01,-3.975748823499289375e-01,5.534014205973866729e-03,-3.358994594850877452e-02,-1.652161904686780605e-02,-1.841186789834937387e-01,-3.755578904400719981e-02,-1.495223001143022867e-01,-5.733339725983343377e-02,1.909014030147467289e-01,4.250453477592988638e-02,-5.793512567672189084e-02,4.877679580781890678e-03,1.336630839744964994e-01,-2.159414447345875052e-02,-3.090411041407390910e-02,-6.789091965961788211e-02,1.160345447023403975e-01,-7.335740111842384281e-02,3.771851368162928986e-02,-2.929405646066837038e-02,3.040435099454030440e-02,2.876931011711872724e-02,4.400846814424868442e-02,-4.682160870192608737e-02,1.671887992982631563e-02,9.719100552482833055e-02,4.248511876282452804e-03,-6.812605653429042174e-02,-8.498632605482905888e-02,5.892230729964607894e-02,-6.550059444579696410e-02,2.974671391361388955e-03,3.800187055444027157e-02,3.883871317032865783e-02,-7.635208677600154037e-02,3.537887438443234472e-02,1.363366113347785902e-01,-1.743234210675916745e-02,-1.977106624522786127e-01,5.801631942629938143e-02,-2.010407996714348444e-01,1.258227643090351622e-01,2.688782581734808774e-01,3.441553861850940588e-02,-3.797859224214006346e-02,1.142734130472296550e-01,5.716651639035391641e-02,2.823775749105474353e-01,-3.803811852454005299e-02,1.053551621304927438e-01,1.599927620525362915e-01,2.566007734831125542e-01,1.891933560195214678e-02
-2.685714769616048825e-02,-1.401239994436609126e-01,-2.761604669586032457e-01,5.528030689850804008e-02,2.638587675826907786e-01,6.195019368244772395e-02,8.200820357206235756e-02,-1.625514756020274287e-01,2.363908475777692919e-01,2.852324284624510597e-01,-3.146263256586370738e-01,1.303077435718810184e-01,2.030496070644421391e-01,-6.162847314932703990e-03,1.837358189223080307e-02,-2.360094221106807943e-02,1.077382185165118300e-02,2.332471746735552062e-02,6.542943464984302127e-02,1.223725965746038508e-02,-2.673281922993930859e-03,1.940921272142268755e-02,-4.862209924386476367e-02,2.214329604309898947e-02,7.768490125204571828e-02,-8.484731441086815207e-03,8.892930339800486639e-03,1.953439415817658648e-02,-2.488661088613341576e-04,3.311211463924636222e-02,-3.480429923761951122e-02,1.716997200499465609e-02,-6.048968601159736280e-02,-6.284181957259736551e-02,5.607119390700027184e-02,-8.163277809364437310e-02,-9.024300922821201776e-02,3.556533680784806917e-02,-1.139319057075465352e-01,3.150094035817539717e-02,-1.249952250606200244e-01,2.448416935619159851e-01,-2.843623206708012496e-01,1.298333305554854322e-01,-2.222570775173212110e-01,-3.212582047138996116e-02,3.443130051730111663e-02,4.164800020452878726e-02,-2.264472290130659649e-01,-2.534005629005136040e-01,-9.517769867415536156e-02,-2.139589824900930137e-01,-1.874923392909208508e-01,-5.938012529962231542e-03,-3.132640649416206652e-02,-3.430809263824302624e-02,7.572681058090957595e-02
2.685715770924265722e-02,-1.401239998835431544e-01,-2.761604686913916029e-01,5.528030137454827131e-02,2.638587647818105841e-01,6.195019786344509172e-02,8.200820020840970948e-02,-1.625514793050505113e-01,2.363908460354040286e-01,2.852324263703219231e-01,-3.146263258927285977e-01,1.303077449635068052e-01,2.030496037960648203e-01,6.162855346283732660e-03,-1.837356709897840223e-02,2.360094599553047567e-02,-1.077382548945712837e-02,-2.332469567093811355e-02,-6.542943195040365478e-02,-1.223727651200395838e-02,2.673291256304763386e-03,-1.940921704530000624e-02,4.862209271923088882e-02,-2.214329199651415142e-02,-7.768490247022680206e-02,8.484744813502309579e-03,-8.892927854703434887e-03,-1.953440315435742841e-02,2.488535220093406443e-04,-3.311212110221167099e-02,3.480429818374728562e-02,-1.716997723300402873e-02,6.048969828296603402e-02,6.284183069647591990e-02,-5.607119317119010904e-02,8.163277807261465346e-02,9.024300914646302130e-02,-3.556533684223859432e-02,1.139319057878921265e-01,-3.150094028378225969e-02,1.249952252590293689e-01,-2.448416936381015430e-01,2.843623206022216632e-01,-1.298333302782445631e-01,2.222570777087602978e-01,3.212582035453286078e-02,-3.443130041067721248e-02,-4.164800023746415003e-02,2.264472289684653084e-01,2.534005627935664862e-01,9.517769850289294065e-02,2.139589820936461106e-01,1.874923391017782048e-01,5.938012531340226483e-03,3.132640674206803311e-02,3.430809235179912986e-02,-7.572681081108760537e-02
